-- ============================================================================
-- LOCAL DATABASE DATA EXPORT
-- Generated: 2025-11-07T09:05:08.241Z
-- ============================================================================
-- This file contains all data from your local database
-- Run this in production to sync data
-- ============================================================================
-- WARNING: This will DELETE existing data and replace with local data
-- ============================================================================

-- Disable triggers temporarily for faster import
SET session_replication_role = replica;

-- ============================================================================
-- STEP 1: Delete existing data (in reverse order to respect foreign keys)
-- ============================================================================
DELETE FROM cart_items;
DELETE FROM carts;
DELETE FROM reviews;
DELETE FROM products;
DELETE FROM categories;

-- ============================================================================
-- STEP 2: Insert fresh data from local database
-- ============================================================================

-- Data for categories
INSERT INTO categories (id, name, slug, description, icon, created_at, updated_at)
VALUES
('a3e2e9ba-2017-49fb-a602-8793595cceb3', 'Mixes', 'mixes', NULL, '🍜', '2025-11-07T04:06:38.159873+00:00', '2025-11-07T04:06:38.159873+00:00'),
('05273835-89ee-491f-82c9-e4ae2b1d6b2c', 'Single Toppings', 'single-toppings', NULL, '🥚', '2025-11-07T04:06:38.159873+00:00', '2025-11-07T04:06:38.159873+00:00'),
('6c96b9b6-c725-4888-86cd-0531da960a07', 'Bundles', 'bundles', NULL, '📦', '2025-11-07T04:06:38.159873+00:00', '2025-11-07T04:06:38.159873+00:00'),
('e310a7f9-59ed-4511-be06-ca1024f1266e', 'Seasoning and Sauce', 'seasoning-and-sauce', NULL, '🧂', '2025-11-07T04:06:38.159873+00:00', '2025-11-07T04:06:38.159873+00:00'),
('250ff765-9472-4ce4-8c53-8582acb5d40f', 'Merch', 'merch', NULL, '👕', '2025-11-07T04:06:38.159873+00:00', '2025-11-07T04:06:38.159873+00:00');

-- Data for products
INSERT INTO products (id, slug, name, description, price, compare_at_price, images, category_id, tags, inventory, nutrition_facts, ingredients, allergens, features, accent_color, created_at, updated_at)
VALUES
('0fbf743a-2c24-46bc-9b98-8cf8f6fff8e7', 'spicy-lovers-mix', 'Spicy Lover''s Mix', 'For those who like it hot! A fiery blend of chili flakes, spicy sesame oil powder, and crispy garlic.', 19.99, NULL, '[{"alt":"Spicy Lover''s Mix main","url":"/products/spicy-lovers-mix-1.svg","type":"main"},{"alt":"Spicy Lover''s Mix hover","url":"/products/spicy-lovers-mix-2.svg","type":"hover"}]'::jsonb, 'a3e2e9ba-2017-49fb-a602-8793595cceb3', ARRAY['spicy','hot'], 200, '{"fat":"3g","carbs":"5g","sodium":"200mg","protein":"1g","calories":50,"servings":10}'::jsonb, ARRAY['Chili Flakes','Sesame Oil Powder','Fried Garlic','Szechuan Pepper'], ARRAY['Sesame'], ARRAY['Whole Ingredients','Small Batch','Non-GMO'], '#ff4100', '2025-11-07T04:06:38.159873+00:00', '2025-11-07T08:45:40.939561+00:00'),
('3e6c3f15-789c-4299-bda1-88e45f6d6c18', 'crispy-garlic', 'Crispy Garlic', 'Premium fried garlic chips that add the perfect crunch and savory flavor to any bowl of ramen.', 12.99, NULL, '[{"alt":"Crispy Garlic main","url":"/products/crispy-garlic-1.svg","type":"main"},{"alt":"Crispy Garlic hover","url":"/products/crispy-garlic-2.svg","type":"hover"}]'::jsonb, '05273835-89ee-491f-82c9-e4ae2b1d6b2c', ARRAY['bestseller','crunchy'], 300, '{"fat":"2g","carbs":"4g","sodium":"120mg","protein":"1g","calories":35,"servings":20}'::jsonb, ARRAY['Garlic','Palm Oil','Salt'], '{}', ARRAY['Whole Ingredients','Small Batch','Non-GMO'], '#96da2f', '2025-11-07T04:06:38.159873+00:00', '2025-11-07T08:45:40.959465+00:00'),
('2da7f0cc-71d7-4443-8560-80ba49f5afb4', 'sesame-seeds', 'Toasted Sesame Seeds', 'Perfectly toasted sesame seeds that add a nutty flavor and beautiful presentation to your ramen.', 9.99, NULL, '[{"alt":"Toasted Sesame Seeds main","url":"/products/sesame-seeds-1.svg","type":"main"},{"alt":"Toasted Sesame Seeds hover","url":"/products/sesame-seeds-2.svg","type":"hover"}]'::jsonb, '05273835-89ee-491f-82c9-e4ae2b1d6b2c', ARRAY['classic','nutty'], 250, '{"fat":"4g","carbs":"2g","sodium":"1mg","protein":"2g","calories":52,"servings":25}'::jsonb, ARRAY['Sesame Seeds'], ARRAY['Sesame'], ARRAY['Whole Ingredients','Low Fat','Non-GMO'], '#e47e4a', '2025-11-07T04:06:38.159873+00:00', '2025-11-07T08:45:40.980133+00:00'),
('8c21b33b-9d15-45d8-85a8-9e3c98761a3e', 'nori-strips', 'Nori Seaweed Strips', 'Crispy nori seaweed strips that add umami depth and authentic Japanese flavor.', 11.99, NULL, '[{"alt":"Nori Seaweed Strips main","url":"/products/nori-strips-1.svg","type":"main"},{"alt":"Nori Seaweed Strips hover","url":"/products/nori-strips-2.svg","type":"hover"}]'::jsonb, '05273835-89ee-491f-82c9-e4ae2b1d6b2c', ARRAY['umami','authentic'], 180, '{"fat":"0g","carbs":"1g","sodium":"50mg","protein":"1g","calories":10,"servings":15}'::jsonb, ARRAY['Nori Seaweed'], ARRAY['Seaweed'], ARRAY['Whole Ingredients','Low Fat','Non-GMO'], '#F999BF', '2025-11-07T04:06:38.159873+00:00', '2025-11-07T08:45:41.005616+00:00'),
('88bea880-535b-4d62-bc13-d03f5a08600f', 'starter-bundle', 'Ramen Starter Bundle', 'Everything you need to start your ramen journey! Includes our Ultimate Mix, Crispy Garlic, and Sesame Seeds.', 44.99, 54.97, '[{"alt":"Ramen Starter Bundle main","url":"/products/starter-bundle-1.svg","type":"main"},{"alt":"Ramen Starter Bundle hover","url":"/products/starter-bundle-2.svg","type":"hover"}]'::jsonb, '6c96b9b6-c725-4888-86cd-0531da960a07', ARRAY['bestseller','value-pack','bundle'], 100, NULL, ARRAY['See individual products'], ARRAY['Sesame','Seaweed'], ARRAY['Whole Ingredients','Small Batch','Non-GMO'], '#fe90b8', '2025-11-07T04:06:38.159873+00:00', '2025-11-07T08:45:41.032669+00:00'),
('233b3b53-c046-498c-8625-dcb629db1e22', 'umami-powder', 'Umami Boost Powder', 'Concentrated umami powder made from shiitake mushrooms and kombu. A little goes a long way!', 14.99, NULL, '[{"alt":"Umami Boost Powder main","url":"/products/umami-powder-1.svg","type":"main"},{"alt":"Umami Boost Powder hover","url":"/products/umami-powder-2.svg","type":"hover"}]'::jsonb, 'e310a7f9-59ed-4511-be06-ca1024f1266e', ARRAY['umami','concentrated'], 220, '{"fat":"0g","carbs":"3g","sodium":"280mg","protein":"1g","calories":15,"servings":30}'::jsonb, ARRAY['Shiitake Mushroom Powder','Kombu Powder','Sea Salt'], ARRAY['Mushroom'], ARRAY['Whole Ingredients','Small Batch','Low Fat'], '#96da2f', '2025-11-07T04:06:38.159873+00:00', '2025-11-07T08:45:41.064113+00:00'),
('16a66a12-3971-4524-b303-634f3bc7f5ce', 'chili-oil', 'Spicy Chili Oil', 'House-made chili oil with Szechuan peppercorns for that perfect numbing heat.', 16.99, NULL, '[{"alt":"Spicy Chili Oil main","url":"/products/chili-oil-1.svg","type":"main"},{"alt":"Spicy Chili Oil hover","url":"/products/chili-oil-2.svg","type":"hover"}]'::jsonb, 'e310a7f9-59ed-4511-be06-ca1024f1266e', ARRAY['spicy','hot','oil'], 150, '{"fat":"14g","carbs":"0g","sodium":"0mg","protein":"0g","calories":120,"servings":20}'::jsonb, ARRAY['Vegetable Oil','Chili Flakes','Szechuan Peppercorns','Garlic'], '{}', ARRAY['Small Batch','Non-GMO'], '#ff4100', '2025-11-07T04:06:38.159873+00:00', '2025-11-07T08:45:41.083798+00:00'),
('9330a409-c15f-4836-90dc-0ab9568a2c6d', 'ramen-bae-tshirt', 'Ramen Bae T-Shirt', 'Show your love for ramen with our signature pink t-shirt featuring the Ramen Bae logo.', 29.99, NULL, '[{"alt":"Ramen Bae T-Shirt main","url":"/products/ramen-bae-tshirt-1.svg","type":"main"},{"alt":"Ramen Bae T-Shirt hover","url":"/products/ramen-bae-tshirt-2.svg","type":"hover"}]'::jsonb, '250ff765-9472-4ce4-8c53-8582acb5d40f', ARRAY['apparel','cotton'], 50, NULL, ARRAY['100% Cotton','Screen Printed'], '{}', ARRAY['Soft Cotton','Durable Print'], '#fe90b8', '2025-11-07T04:06:38.159873+00:00', '2025-11-07T08:45:41.110716+00:00'),
('59dd8ea6-6bb9-48c1-b4f9-d760ddd9b4a7', 'premium-green-onions', 'Premium Green Onions', 'Premium quality topping that elevates your ramen experience.', 33.97, 40.76, '[{"alt":"Premium Green Onions main","url":"/products/premium-green-onions-1.svg","type":"main"},{"alt":"Premium Green Onions hover","url":"/products/premium-green-onions-2.svg","type":"hover"}]'::jsonb, 'a3e2e9ba-2017-49fb-a602-8793595cceb3', ARRAY['bestseller','popular'], 145, '{"fat":"1g","carbs":"6g","sodium":"59mg","protein":"3g","calories":32,"servings":16}'::jsonb, ARRAY['Premium Ingredients','Natural Flavors','Sea Salt'], '{}', ARRAY['Whole Ingredients','Small Batch','Non-GMO'], '#fe90b8', '2025-11-07T08:39:02.684819+00:00', '2025-11-07T08:45:41.122673+00:00'),
('df93ddef-3baf-4e4f-beb9-5786f80e1dde', 'roasted-sesame-mix', 'Roasted Sesame Mix', 'Carefully selected ingredients for authentic flavor.', 21.31, 25.57, '[{"alt":"Roasted Sesame Mix main","url":"/products/roasted-sesame-mix-1.svg","type":"main"},{"alt":"Roasted Sesame Mix hover","url":"/products/roasted-sesame-mix-2.svg","type":"hover"}]'::jsonb, '05273835-89ee-491f-82c9-e4ae2b1d6b2c', ARRAY['new','trending'], 193, '{"fat":"5g","carbs":"2g","sodium":"240mg","protein":"4g","calories":76,"servings":11}'::jsonb, ARRAY['Premium Ingredients','Natural Flavors','Sea Salt'], '{}', ARRAY['Organic','Gluten-Free','Vegan'], '#ff4100', '2025-11-07T08:39:02.684819+00:00', '2025-11-07T08:45:41.130132+00:00'),
('4a58dc71-296e-4d3e-a74a-6c0e19fe4937', 'white-sesame-seeds', 'White Sesame Seeds', 'Perfect addition to any bowl of ramen.', 30.02, NULL, '[{"alt":"White Sesame Seeds main","url":"/products/white-sesame-seeds-1.svg","type":"main"},{"alt":"White Sesame Seeds hover","url":"/products/white-sesame-seeds-2.svg","type":"hover"}]'::jsonb, 'e310a7f9-59ed-4511-be06-ca1024f1266e', ARRAY['mild','classic'], 51, '{"fat":"3g","carbs":"9g","sodium":"59mg","protein":"4g","calories":25,"servings":12}'::jsonb, ARRAY['Premium Ingredients','Natural Flavors','Sea Salt'], '{}', ARRAY['Artisan Made','Premium Quality','Hand Selected'], '#e47e4a', '2025-11-07T08:39:02.684819+00:00', '2025-11-07T08:45:41.159929+00:00'),
('a5a75aa8-92f8-4087-aa5f-3e97fe57f9cc', 'crispy-shallots', 'Crispy Shallots', 'Traditional recipe with modern quality standards.', 37.92, NULL, '[{"alt":"Crispy Shallots main","url":"/products/crispy-shallots-1.svg","type":"main"},{"alt":"Crispy Shallots hover","url":"/products/crispy-shallots-2.svg","type":"hover"}]'::jsonb, '250ff765-9472-4ce4-8c53-8582acb5d40f', ARRAY['premium','gourmet'], 317, '{"fat":"2g","carbs":"9g","sodium":"85mg","protein":"2g","calories":29,"servings":11}'::jsonb, ARRAY['Premium Ingredients','Natural Flavors','Sea Salt'], '{}', ARRAY['Whole Ingredients','Small Batch','Non-GMO'], '#F999BF', '2025-11-07T08:39:02.684819+00:00', '2025-11-07T08:45:41.177203+00:00'),
('58ddb2b7-5301-4eb9-a224-6f8bf1f174b0', 'fried-onion-flakes', 'Fried Onion Flakes', 'Premium quality topping that elevates your ramen experience.', 14.85, NULL, '[{"alt":"Fried Onion Flakes main","url":"/products/fried-onion-flakes-1.svg","type":"main"},{"alt":"Fried Onion Flakes hover","url":"/products/fried-onion-flakes-2.svg","type":"hover"}]'::jsonb, 'a3e2e9ba-2017-49fb-a602-8793595cceb3', ARRAY['bestseller','popular'], 147, '{"fat":"4g","carbs":"10g","sodium":"105mg","protein":"4g","calories":42,"servings":19}'::jsonb, ARRAY['Premium Ingredients','Natural Flavors','Sea Salt'], ARRAY['Sesame'], ARRAY['Organic','Gluten-Free','Vegan'], '#FFB6C1', '2025-11-07T08:39:02.684819+00:00', '2025-11-07T08:45:41.181193+00:00'),
('2d589364-8a33-47ef-b26f-9bf4954ae62a', 'garlic-chips-deluxe', 'Garlic Chips Deluxe', 'Carefully selected ingredients for authentic flavor.', 37.19, NULL, '[{"alt":"Garlic Chips Deluxe main","url":"/products/garlic-chips-deluxe-1.svg","type":"main"},{"alt":"Garlic Chips Deluxe hover","url":"/products/garlic-chips-deluxe-2.svg","type":"hover"}]'::jsonb, '05273835-89ee-491f-82c9-e4ae2b1d6b2c', ARRAY['new','trending'], 50, '{"fat":"1g","carbs":"7g","sodium":"179mg","protein":"4g","calories":51,"servings":23}'::jsonb, ARRAY['Premium Ingredients','Natural Flavors','Sea Salt'], ARRAY['Sesame'], ARRAY['Low Sodium','No MSG','All Natural'], '#87CEEB', '2025-11-07T08:39:02.684819+00:00', '2025-11-07T08:45:41.193235+00:00'),
('7e38d5fa-933b-4008-89bf-0e532e07e3f0', 'spicy-garlic-mix', 'Spicy Garlic Mix', 'Small batch production ensures maximum freshness.', 34.9, 41.88, '[{"alt":"Spicy Garlic Mix main","url":"/products/spicy-garlic-mix-1.svg","type":"main"},{"alt":"Spicy Garlic Mix hover","url":"/products/spicy-garlic-mix-2.svg","type":"hover"}]'::jsonb, '6c96b9b6-c725-4888-86cd-0531da960a07', ARRAY['spicy','hot'], 86, '{"fat":"3g","carbs":"2g","sodium":"184mg","protein":"4g","calories":70,"servings":26}'::jsonb, ARRAY['Premium Ingredients','Natural Flavors','Sea Salt'], '{}', ARRAY['Artisan Made','Premium Quality','Hand Selected'], '#98D8C8', '2025-11-07T08:39:02.684819+00:00', '2025-11-07T08:45:41.197843+00:00'),
('5459d9be-22ea-4220-992a-56ca09168397', 'nori-flakes', 'Nori Flakes', 'Perfect addition to any bowl of ramen.', 23.26, 27.91, '[{"alt":"Nori Flakes main","url":"/products/nori-flakes-1.svg","type":"main"},{"alt":"Nori Flakes hover","url":"/products/nori-flakes-2.svg","type":"hover"}]'::jsonb, 'e310a7f9-59ed-4511-be06-ca1024f1266e', ARRAY['mild','classic'], 108, '{"fat":"1g","carbs":"7g","sodium":"225mg","protein":"2g","calories":50,"servings":14}'::jsonb, ARRAY['Premium Ingredients','Natural Flavors','Sea Salt'], '{}', ARRAY['Whole Ingredients','Small Batch','Non-GMO'], '#fe90b8', '2025-11-07T08:39:02.684819+00:00', '2025-11-07T08:45:41.202944+00:00'),
('55d0db0b-996c-450a-966c-68a6fc9a944e', 'wakame-seaweed', 'Wakame Seaweed', 'Traditional recipe with modern quality standards.', 31.45, 37.74, '[{"alt":"Wakame Seaweed main","url":"/products/wakame-seaweed-1.svg","type":"main"},{"alt":"Wakame Seaweed hover","url":"/products/wakame-seaweed-2.svg","type":"hover"}]'::jsonb, '250ff765-9472-4ce4-8c53-8582acb5d40f', ARRAY['premium','gourmet'], 77, '{"fat":"5g","carbs":"9g","sodium":"212mg","protein":"1g","calories":35,"servings":23}'::jsonb, ARRAY['Premium Ingredients','Natural Flavors','Sea Salt'], '{}', ARRAY['Organic','Gluten-Free','Vegan'], '#ff4100', '2025-11-07T08:39:02.684819+00:00', '2025-11-07T08:45:41.206397+00:00'),
('3466c53b-0551-48b0-967f-fd678b703aad', 'kombu-strips', 'Kombu Strips', 'Premium quality topping that elevates your ramen experience.', 18.55, NULL, '[{"alt":"Kombu Strips main","url":"/products/kombu-strips-1.svg","type":"main"},{"alt":"Kombu Strips hover","url":"/products/kombu-strips-2.svg","type":"hover"}]'::jsonb, 'a3e2e9ba-2017-49fb-a602-8793595cceb3', ARRAY['bestseller','popular'], 276, '{"fat":"2g","carbs":"4g","sodium":"99mg","protein":"4g","calories":55,"servings":25}'::jsonb, ARRAY['Premium Ingredients','Natural Flavors','Sea Salt'], ARRAY['Sesame'], ARRAY['Low Sodium','No MSG','All Natural'], '#96da2f', '2025-11-07T08:39:02.684819+00:00', '2025-11-07T08:45:41.211395+00:00'),
('7c427bf9-14dd-4c72-8aa5-9aff97596e42', 'dulse-flakes', 'Dulse Flakes', 'Carefully selected ingredients for authentic flavor.', 33.34, NULL, '[{"alt":"Dulse Flakes main","url":"/products/dulse-flakes-1.svg","type":"main"},{"alt":"Dulse Flakes hover","url":"/products/dulse-flakes-2.svg","type":"hover"}]'::jsonb, '05273835-89ee-491f-82c9-e4ae2b1d6b2c', ARRAY['new','trending'], 296, '{"fat":"3g","carbs":"7g","sodium":"154mg","protein":"4g","calories":50,"servings":28}'::jsonb, ARRAY['Premium Ingredients','Natural Flavors','Sea Salt'], '{}', ARRAY['Artisan Made','Premium Quality','Hand Selected'], '#e47e4a', '2025-11-07T08:39:02.684819+00:00', '2025-11-07T08:45:41.21549+00:00'),
('18c721c9-8743-4f13-8589-154df693c7b5', 'chili-oil-extra-hot', 'Chili Oil Extra Hot', 'Small batch production ensures maximum freshness.', 38.12, NULL, '[{"alt":"Chili Oil Extra Hot main","url":"/products/chili-oil-extra-hot-1.svg","type":"main"},{"alt":"Chili Oil Extra Hot hover","url":"/products/chili-oil-extra-hot-2.svg","type":"hover"}]'::jsonb, '6c96b9b6-c725-4888-86cd-0531da960a07', ARRAY['spicy','hot'], 67, '{"fat":"2g","carbs":"8g","sodium":"66mg","protein":"5g","calories":44,"servings":18}'::jsonb, ARRAY['Premium Ingredients','Natural Flavors','Sea Salt'], ARRAY['Sesame'], ARRAY['Whole Ingredients','Small Batch','Non-GMO'], '#F999BF', '2025-11-07T08:39:02.684819+00:00', '2025-11-07T08:45:41.220272+00:00'),
('e286790e-7613-457c-b0d0-9704ffbabef5', 'garlic-chili-oil', 'Garlic Chili Oil', 'Traditional recipe with modern quality standards.', 27.09, NULL, '[{"alt":"Garlic Chili Oil main","url":"/products/garlic-chili-oil-1.svg","type":"main"},{"alt":"Garlic Chili Oil hover","url":"/products/garlic-chili-oil-2.svg","type":"hover"}]'::jsonb, '250ff765-9472-4ce4-8c53-8582acb5d40f', ARRAY['premium','gourmet'], 267, '{"fat":"2g","carbs":"4g","sodium":"197mg","protein":"4g","calories":29,"servings":27}'::jsonb, ARRAY['Premium Ingredients','Natural Flavors','Sea Salt'], ARRAY['Sesame'], ARRAY['Low Sodium','No MSG','All Natural'], '#87CEEB', '2025-11-07T08:39:02.684819+00:00', '2025-11-07T08:45:41.228588+00:00'),
('7704f5cd-b0fc-4073-8f45-da5a89faa730', 'szechuan-chili-oil', 'Szechuan Chili Oil', 'Premium quality topping that elevates your ramen experience.', 22.32, NULL, '[{"alt":"Szechuan Chili Oil main","url":"/products/szechuan-chili-oil-1.svg","type":"main"},{"alt":"Szechuan Chili Oil hover","url":"/products/szechuan-chili-oil-2.svg","type":"hover"}]'::jsonb, 'a3e2e9ba-2017-49fb-a602-8793595cceb3', ARRAY['bestseller','popular'], 62, '{"fat":"4g","carbs":"11g","sodium":"159mg","protein":"2g","calories":24,"servings":21}'::jsonb, ARRAY['Premium Ingredients','Natural Flavors','Sea Salt'], '{}', ARRAY['Artisan Made','Premium Quality','Hand Selected'], '#98D8C8', '2025-11-07T08:39:02.684819+00:00', '2025-11-07T08:45:41.233323+00:00'),
('9bbdeb9d-af75-4768-8fa6-b923b194e35c', 'miso-powder', 'Miso Powder', 'Carefully selected ingredients for authentic flavor.', 39.69, 47.63, '[{"alt":"Miso Powder main","url":"/products/miso-powder-1.svg","type":"main"},{"alt":"Miso Powder hover","url":"/products/miso-powder-2.svg","type":"hover"}]'::jsonb, '05273835-89ee-491f-82c9-e4ae2b1d6b2c', ARRAY['new','trending'], 255, '{"fat":"2g","carbs":"6g","sodium":"219mg","protein":"1g","calories":56,"servings":29}'::jsonb, ARRAY['Premium Ingredients','Natural Flavors','Sea Salt'], '{}', ARRAY['Whole Ingredients','Small Batch','Non-GMO'], '#fe90b8', '2025-11-07T08:39:02.684819+00:00', '2025-11-07T08:45:41.237617+00:00'),
('f0e9c534-6c22-445c-8178-b2a4ff528200', 'dashi-powder', 'Dashi Powder', 'Small batch production ensures maximum freshness.', 23.39, NULL, '[{"alt":"Dashi Powder main","url":"/products/dashi-powder-1.svg","type":"main"},{"alt":"Dashi Powder hover","url":"/products/dashi-powder-2.svg","type":"hover"}]'::jsonb, '6c96b9b6-c725-4888-86cd-0531da960a07', ARRAY['spicy','hot'], 132, '{"fat":"5g","carbs":"8g","sodium":"118mg","protein":"4g","calories":77,"servings":14}'::jsonb, ARRAY['Premium Ingredients','Natural Flavors','Sea Salt'], ARRAY['Sesame'], ARRAY['Organic','Gluten-Free','Vegan'], '#ff4100', '2025-11-07T08:39:02.684819+00:00', '2025-11-07T08:45:41.240808+00:00'),
('6d06920b-d02e-4a74-8e17-ae37f65636f0', 'bonito-flakes', 'Bonito Flakes', 'Perfect addition to any bowl of ramen.', 19.24, NULL, '[{"alt":"Bonito Flakes main","url":"/products/bonito-flakes-1.svg","type":"main"},{"alt":"Bonito Flakes hover","url":"/products/bonito-flakes-2.svg","type":"hover"}]'::jsonb, 'e310a7f9-59ed-4511-be06-ca1024f1266e', ARRAY['mild','classic'], 88, '{"fat":"5g","carbs":"10g","sodium":"100mg","protein":"1g","calories":30,"servings":11}'::jsonb, ARRAY['Premium Ingredients','Natural Flavors','Sea Salt'], '{}', ARRAY['Low Sodium','No MSG','All Natural'], '#96da2f', '2025-11-07T08:39:02.684819+00:00', '2025-11-07T08:45:41.244628+00:00'),
('e789e97d-4332-4589-ab1f-6eabf8451e23', 'shiitake-powder', 'Shiitake Powder', 'Traditional recipe with modern quality standards.', 31.52, NULL, '[{"alt":"Shiitake Powder main","url":"/products/shiitake-powder-1.svg","type":"main"},{"alt":"Shiitake Powder hover","url":"/products/shiitake-powder-2.svg","type":"hover"}]'::jsonb, '250ff765-9472-4ce4-8c53-8582acb5d40f', ARRAY['premium','gourmet'], 132, '{"fat":"2g","carbs":"4g","sodium":"103mg","protein":"1g","calories":75,"servings":10}'::jsonb, ARRAY['Premium Ingredients','Natural Flavors','Sea Salt'], '{}', ARRAY['Artisan Made','Premium Quality','Hand Selected'], '#e47e4a', '2025-11-07T08:39:02.684819+00:00', '2025-11-07T08:45:41.247442+00:00'),
('985eced8-d11c-41ec-b770-e89eac28d34f', 'toasted-nori-sheets', 'Toasted Nori Sheets', 'Premium quality topping that elevates your ramen experience.', 21.13, NULL, '[{"alt":"Toasted Nori Sheets main","url":"/products/toasted-nori-sheets-1.svg","type":"main"},{"alt":"Toasted Nori Sheets hover","url":"/products/toasted-nori-sheets-2.svg","type":"hover"}]'::jsonb, 'a3e2e9ba-2017-49fb-a602-8793595cceb3', ARRAY['bestseller','popular'], 122, '{"fat":"5g","carbs":"8g","sodium":"62mg","protein":"4g","calories":68,"servings":27}'::jsonb, ARRAY['Premium Ingredients','Natural Flavors','Sea Salt'], ARRAY['Sesame'], ARRAY['Whole Ingredients','Small Batch','Non-GMO'], '#F999BF', '2025-11-07T08:39:02.684819+00:00', '2025-11-07T08:45:41.257642+00:00'),
('915162b9-e6ec-4553-b39a-38f2ac818292', 'seasoned-nori', 'Seasoned Nori', 'Carefully selected ingredients for authentic flavor.', 25.95, 31.14, '[{"alt":"Seasoned Nori main","url":"/products/seasoned-nori-1.svg","type":"main"},{"alt":"Seasoned Nori hover","url":"/products/seasoned-nori-2.svg","type":"hover"}]'::jsonb, '05273835-89ee-491f-82c9-e4ae2b1d6b2c', ARRAY['new','trending'], 85, '{"fat":"2g","carbs":"10g","sodium":"159mg","protein":"5g","calories":75,"servings":23}'::jsonb, ARRAY['Premium Ingredients','Natural Flavors','Sea Salt'], '{}', ARRAY['Organic','Gluten-Free','Vegan'], '#FFB6C1', '2025-11-07T08:39:02.684819+00:00', '2025-11-07T08:45:41.263241+00:00'),
('8eabf57c-e67e-4b70-8db3-88925ac6ee09', 'wasabi-nori', 'Wasabi Nori', 'Small batch production ensures maximum freshness.', 27.29, NULL, '[{"alt":"Wasabi Nori main","url":"/products/wasabi-nori-1.svg","type":"main"},{"alt":"Wasabi Nori hover","url":"/products/wasabi-nori-2.svg","type":"hover"}]'::jsonb, '6c96b9b6-c725-4888-86cd-0531da960a07', ARRAY['spicy','hot'], 64, '{"fat":"4g","carbs":"6g","sodium":"214mg","protein":"5g","calories":28,"servings":16}'::jsonb, ARRAY['Premium Ingredients','Natural Flavors','Sea Salt'], ARRAY['Sesame'], ARRAY['Low Sodium','No MSG','All Natural'], '#87CEEB', '2025-11-07T08:39:02.684819+00:00', '2025-11-07T08:45:41.269379+00:00'),
('896399f4-8d1b-4845-92ea-78648ca64346', 'teriyaki-nori', 'Teriyaki Nori', 'Perfect addition to any bowl of ramen.', 33.07, NULL, '[{"alt":"Teriyaki Nori main","url":"/products/teriyaki-nori-1.svg","type":"main"},{"alt":"Teriyaki Nori hover","url":"/products/teriyaki-nori-2.svg","type":"hover"}]'::jsonb, 'e310a7f9-59ed-4511-be06-ca1024f1266e', ARRAY['mild','classic'], 240, '{"fat":"5g","carbs":"6g","sodium":"109mg","protein":"5g","calories":56,"servings":23}'::jsonb, ARRAY['Premium Ingredients','Natural Flavors','Sea Salt'], '{}', ARRAY['Artisan Made','Premium Quality','Hand Selected'], '#98D8C8', '2025-11-07T08:39:02.684819+00:00', '2025-11-07T08:45:41.273554+00:00'),
('837dba3a-523e-47ee-bb38-b3606c48d86c', 'tonkotsu-seasoning', 'Tonkotsu Seasoning', 'Premium quality topping that elevates your ramen experience.', 25.65, 30.78, '[{"alt":"Tonkotsu Seasoning main","url":"/products/tonkotsu-seasoning-1.svg","type":"main"},{"alt":"Tonkotsu Seasoning hover","url":"/products/tonkotsu-seasoning-2.svg","type":"hover"}]'::jsonb, 'a3e2e9ba-2017-49fb-a602-8793595cceb3', ARRAY['bestseller','popular'], 233, '{"fat":"2g","carbs":"3g","sodium":"216mg","protein":"4g","calories":52,"servings":13}'::jsonb, ARRAY['Premium Ingredients','Natural Flavors','Sea Salt'], ARRAY['Sesame'], ARRAY['Organic','Gluten-Free','Vegan'], '#ff4100', '2025-11-07T08:39:02.684819+00:00', '2025-11-07T08:45:41.285536+00:00'),
('f04295bb-3158-435e-80b0-c7648755860d', 'shoyu-seasoning', 'Shoyu Seasoning', 'Carefully selected ingredients for authentic flavor.', 11.3, NULL, '[{"alt":"Shoyu Seasoning main","url":"/products/shoyu-seasoning-1.svg","type":"main"},{"alt":"Shoyu Seasoning hover","url":"/products/shoyu-seasoning-2.svg","type":"hover"}]'::jsonb, '05273835-89ee-491f-82c9-e4ae2b1d6b2c', ARRAY['new','trending'], 125, '{"fat":"2g","carbs":"6g","sodium":"192mg","protein":"1g","calories":69,"servings":27}'::jsonb, ARRAY['Premium Ingredients','Natural Flavors','Sea Salt'], '{}', ARRAY['Low Sodium','No MSG','All Natural'], '#96da2f', '2025-11-07T08:39:02.684819+00:00', '2025-11-07T08:45:41.289153+00:00'),
('1ed01e0b-a854-4378-a020-f97dec35cbf3', 'miso-seasoning', 'Miso Seasoning', 'Small batch production ensures maximum freshness.', 39.49, NULL, '[{"alt":"Miso Seasoning main","url":"/products/miso-seasoning-1.svg","type":"main"},{"alt":"Miso Seasoning hover","url":"/products/miso-seasoning-2.svg","type":"hover"}]'::jsonb, '6c96b9b6-c725-4888-86cd-0531da960a07', ARRAY['spicy','hot'], 230, '{"fat":"4g","carbs":"6g","sodium":"157mg","protein":"1g","calories":67,"servings":21}'::jsonb, ARRAY['Premium Ingredients','Natural Flavors','Sea Salt'], '{}', ARRAY['Artisan Made','Premium Quality','Hand Selected'], '#e47e4a', '2025-11-07T08:39:02.684819+00:00', '2025-11-07T08:45:41.294169+00:00'),
('8aa88a6a-9774-439a-ab17-439d06937a47', 'bamboo-shoots', 'Bamboo Shoots', 'Perfect addition to any bowl of ramen.', 20.92, NULL, '[{"alt":"Bamboo Shoots main","url":"/products/bamboo-shoots-1.svg","type":"main"},{"alt":"Bamboo Shoots hover","url":"/products/bamboo-shoots-2.svg","type":"hover"}]'::jsonb, 'e310a7f9-59ed-4511-be06-ca1024f1266e', ARRAY['mild','classic'], 218, '{"fat":"4g","carbs":"6g","sodium":"206mg","protein":"3g","calories":33,"servings":16}'::jsonb, ARRAY['Premium Ingredients','Natural Flavors','Sea Salt'], '{}', ARRAY['Whole Ingredients','Small Batch','Non-GMO'], '#F999BF', '2025-11-07T08:39:02.684819+00:00', '2025-11-07T08:45:41.297459+00:00'),
('317eb040-d294-4ac1-b705-1b02396762c4', 'wood-ear-mushrooms', 'Wood Ear Mushrooms', 'Traditional recipe with modern quality standards.', 31.88, NULL, '[{"alt":"Wood Ear Mushrooms main","url":"/products/wood-ear-mushrooms-1.svg","type":"main"},{"alt":"Wood Ear Mushrooms hover","url":"/products/wood-ear-mushrooms-2.svg","type":"hover"}]'::jsonb, '250ff765-9472-4ce4-8c53-8582acb5d40f', ARRAY['premium','gourmet'], 61, '{"fat":"2g","carbs":"8g","sodium":"191mg","protein":"4g","calories":75,"servings":18}'::jsonb, ARRAY['Premium Ingredients','Natural Flavors','Sea Salt'], '{}', ARRAY['Organic','Gluten-Free','Vegan'], '#FFB6C1', '2025-11-07T08:39:02.684819+00:00', '2025-11-07T08:45:41.302481+00:00'),
('53ed02ca-3add-45a4-8e26-7e65c13e0fae', 'enoki-mushrooms', 'Enoki Mushrooms', 'Premium quality topping that elevates your ramen experience.', 26.84, 32.21, '[{"alt":"Enoki Mushrooms main","url":"/products/enoki-mushrooms-1.svg","type":"main"},{"alt":"Enoki Mushrooms hover","url":"/products/enoki-mushrooms-2.svg","type":"hover"}]'::jsonb, 'a3e2e9ba-2017-49fb-a602-8793595cceb3', ARRAY['bestseller','popular'], 170, '{"fat":"3g","carbs":"7g","sodium":"242mg","protein":"2g","calories":50,"servings":17}'::jsonb, ARRAY['Premium Ingredients','Natural Flavors','Sea Salt'], ARRAY['Sesame'], ARRAY['Low Sodium','No MSG','All Natural'], '#87CEEB', '2025-11-07T08:39:02.684819+00:00', '2025-11-07T08:45:41.306472+00:00'),
('275085b8-c959-4ddd-a831-918eeee69b72', 'shiitake-slices', 'Shiitake Slices', 'Carefully selected ingredients for authentic flavor.', 14.74, NULL, '[{"alt":"Shiitake Slices main","url":"/products/shiitake-slices-1.svg","type":"main"},{"alt":"Shiitake Slices hover","url":"/products/shiitake-slices-2.svg","type":"hover"}]'::jsonb, '05273835-89ee-491f-82c9-e4ae2b1d6b2c', ARRAY['new','trending'], 249, '{"fat":"4g","carbs":"8g","sodium":"174mg","protein":"5g","calories":45,"servings":25}'::jsonb, ARRAY['Premium Ingredients','Natural Flavors','Sea Salt'], ARRAY['Sesame'], ARRAY['Artisan Made','Premium Quality','Hand Selected'], '#98D8C8', '2025-11-07T08:39:02.684819+00:00', '2025-11-07T08:45:41.311337+00:00'),
('28944ca1-6234-414b-b42c-265c55bb40a0', 'pickled-ginger', 'Pickled Ginger', 'Small batch production ensures maximum freshness.', 29.9, NULL, '[{"alt":"Pickled Ginger main","url":"/products/pickled-ginger-1.svg","type":"main"},{"alt":"Pickled Ginger hover","url":"/products/pickled-ginger-2.svg","type":"hover"}]'::jsonb, '6c96b9b6-c725-4888-86cd-0531da960a07', ARRAY['spicy','hot'], 225, '{"fat":"5g","carbs":"11g","sodium":"100mg","protein":"3g","calories":62,"servings":12}'::jsonb, ARRAY['Premium Ingredients','Natural Flavors','Sea Salt'], '{}', ARRAY['Whole Ingredients','Small Batch','Non-GMO'], '#fe90b8', '2025-11-07T08:39:02.684819+00:00', '2025-11-07T08:45:41.315105+00:00'),
('ef754d33-2158-4c48-bde2-72fb1940b6d3', 'pickled-radish', 'Pickled Radish', 'Perfect addition to any bowl of ramen.', 37.48, NULL, '[{"alt":"Pickled Radish main","url":"/products/pickled-radish-1.svg","type":"main"},{"alt":"Pickled Radish hover","url":"/products/pickled-radish-2.svg","type":"hover"}]'::jsonb, 'e310a7f9-59ed-4511-be06-ca1024f1266e', ARRAY['mild','classic'], 345, '{"fat":"1g","carbs":"8g","sodium":"202mg","protein":"2g","calories":58,"servings":23}'::jsonb, ARRAY['Premium Ingredients','Natural Flavors','Sea Salt'], ARRAY['Sesame'], ARRAY['Organic','Gluten-Free','Vegan'], '#ff4100', '2025-11-07T08:39:02.684819+00:00', '2025-11-07T08:45:41.320112+00:00'),
('e7757aee-cf9b-45b5-b7ec-134bd2f33f65', 'menma-bamboo', 'Menma Bamboo', 'Traditional recipe with modern quality standards.', 27.52, NULL, '[{"alt":"Menma Bamboo main","url":"/products/menma-bamboo-1.svg","type":"main"},{"alt":"Menma Bamboo hover","url":"/products/menma-bamboo-2.svg","type":"hover"}]'::jsonb, '250ff765-9472-4ce4-8c53-8582acb5d40f', ARRAY['premium','gourmet'], 259, '{"fat":"3g","carbs":"10g","sodium":"242mg","protein":"4g","calories":64,"servings":11}'::jsonb, ARRAY['Premium Ingredients','Natural Flavors','Sea Salt'], '{}', ARRAY['Low Sodium','No MSG','All Natural'], '#96da2f', '2025-11-07T08:39:02.684819+00:00', '2025-11-07T08:45:41.323223+00:00'),
('9dac80bf-1b89-43be-bcd4-99939cfbc67b', 'soft-boiled-egg-mix', 'Soft Boiled Egg Mix', 'Carefully selected ingredients for authentic flavor.', 35.43, NULL, '[{"alt":"Soft Boiled Egg Mix main","url":"/products/soft-boiled-egg-mix-1.svg","type":"main"},{"alt":"Soft Boiled Egg Mix hover","url":"/products/soft-boiled-egg-mix-2.svg","type":"hover"}]'::jsonb, '05273835-89ee-491f-82c9-e4ae2b1d6b2c', ARRAY['new','trending'], 216, '{"fat":"5g","carbs":"2g","sodium":"183mg","protein":"3g","calories":32,"servings":20}'::jsonb, ARRAY['Premium Ingredients','Natural Flavors','Sea Salt'], '{}', ARRAY['Whole Ingredients','Small Batch','Non-GMO'], '#F999BF', '2025-11-07T08:39:02.684819+00:00', '2025-11-07T08:45:41.336893+00:00'),
('06c99c07-56c1-4cd7-b626-bdcb5c400417', 'egg-topping-kit', 'Egg Topping Kit', 'Small batch production ensures maximum freshness.', 36.33, NULL, '[{"alt":"Egg Topping Kit main","url":"/products/egg-topping-kit-1.svg","type":"main"},{"alt":"Egg Topping Kit hover","url":"/products/egg-topping-kit-2.svg","type":"hover"}]'::jsonb, '6c96b9b6-c725-4888-86cd-0531da960a07', ARRAY['spicy','hot'], 237, '{"fat":"1g","carbs":"4g","sodium":"76mg","protein":"2g","calories":43,"servings":13}'::jsonb, ARRAY['Premium Ingredients','Natural Flavors','Sea Salt'], '{}', ARRAY['Organic','Gluten-Free','Vegan'], '#FFB6C1', '2025-11-07T08:39:02.684819+00:00', '2025-11-07T08:45:41.342604+00:00'),
('723e54ae-2893-4be0-af11-c8da28a363ee', 'chashu-pork-seasoning', 'Chashu Pork Seasoning', 'Perfect addition to any bowl of ramen.', 32.41, 38.89, '[{"alt":"Chashu Pork Seasoning main","url":"/products/chashu-pork-seasoning-1.svg","type":"main"},{"alt":"Chashu Pork Seasoning hover","url":"/products/chashu-pork-seasoning-2.svg","type":"hover"}]'::jsonb, 'e310a7f9-59ed-4511-be06-ca1024f1266e', ARRAY['mild','classic'], 164, '{"fat":"5g","carbs":"11g","sodium":"94mg","protein":"5g","calories":49,"servings":10}'::jsonb, ARRAY['Premium Ingredients','Natural Flavors','Sea Salt'], '{}', ARRAY['Low Sodium','No MSG','All Natural'], '#87CEEB', '2025-11-07T08:39:02.684819+00:00', '2025-11-07T08:45:41.346533+00:00'),
('9d6771f1-6717-45a4-844f-3782fa2f53e5', 'chicken-seasoning', 'Chicken Seasoning', 'Traditional recipe with modern quality standards.', 25.33, NULL, '[{"alt":"Chicken Seasoning main","url":"/products/chicken-seasoning-1.svg","type":"main"},{"alt":"Chicken Seasoning hover","url":"/products/chicken-seasoning-2.svg","type":"hover"}]'::jsonb, '250ff765-9472-4ce4-8c53-8582acb5d40f', ARRAY['premium','gourmet'], 167, '{"fat":"1g","carbs":"11g","sodium":"134mg","protein":"1g","calories":67,"servings":27}'::jsonb, ARRAY['Premium Ingredients','Natural Flavors','Sea Salt'], ARRAY['Sesame'], ARRAY['Artisan Made','Premium Quality','Hand Selected'], '#98D8C8', '2025-11-07T08:39:02.684819+00:00', '2025-11-07T08:45:41.351031+00:00'),
('5d4952d9-c834-4112-9d16-a5ee035b19af', 'vegetarian-mix', 'Vegetarian Mix', 'Premium quality topping that elevates your ramen experience.', 14.75, 17.7, '[{"alt":"Vegetarian Mix main","url":"/products/vegetarian-mix-1.svg","type":"main"},{"alt":"Vegetarian Mix hover","url":"/products/vegetarian-mix-2.svg","type":"hover"}]'::jsonb, 'a3e2e9ba-2017-49fb-a602-8793595cceb3', ARRAY['bestseller','popular'], 186, '{"fat":"4g","carbs":"6g","sodium":"156mg","protein":"3g","calories":28,"servings":27}'::jsonb, ARRAY['Premium Ingredients','Natural Flavors','Sea Salt'], '{}', ARRAY['Whole Ingredients','Small Batch','Non-GMO'], '#fe90b8', '2025-11-07T08:39:02.684819+00:00', '2025-11-07T08:45:41.355037+00:00'),
('977a3e96-80db-47bf-b0cd-bf6f0321692b', 'vegan-topping-set', 'Vegan Topping Set', 'Carefully selected ingredients for authentic flavor.', 31.56, NULL, '[{"alt":"Vegan Topping Set main","url":"/products/vegan-topping-set-1.svg","type":"main"},{"alt":"Vegan Topping Set hover","url":"/products/vegan-topping-set-2.svg","type":"hover"}]'::jsonb, '05273835-89ee-491f-82c9-e4ae2b1d6b2c', ARRAY['new','trending'], 348, '{"fat":"1g","carbs":"7g","sodium":"82mg","protein":"5g","calories":72,"servings":16}'::jsonb, ARRAY['Premium Ingredients','Natural Flavors','Sea Salt'], '{}', ARRAY['Organic','Gluten-Free','Vegan'], '#ff4100', '2025-11-07T08:39:02.684819+00:00', '2025-11-07T08:45:41.362856+00:00'),
('81c34568-aad8-45b3-bfe7-606387c91583', 'gluten-free-mix', 'Gluten-Free Mix', 'Small batch production ensures maximum freshness.', 36.08, NULL, '[{"alt":"Gluten-Free Mix main","url":"/products/gluten-free-mix-1.svg","type":"main"},{"alt":"Gluten-Free Mix hover","url":"/products/gluten-free-mix-2.svg","type":"hover"}]'::jsonb, '6c96b9b6-c725-4888-86cd-0531da960a07', ARRAY['spicy','hot'], 141, '{"fat":"3g","carbs":"3g","sodium":"180mg","protein":"1g","calories":38,"servings":22}'::jsonb, ARRAY['Premium Ingredients','Natural Flavors','Sea Salt'], ARRAY['Sesame'], ARRAY['Low Sodium','No MSG','All Natural'], '#96da2f', '2025-11-07T08:39:02.684819+00:00', '2025-11-07T08:45:41.369271+00:00'),
('4a612e7b-6547-4c55-9c62-2e49de7b308e', 'keto-ramen-kit', 'Keto Ramen Kit', 'Perfect addition to any bowl of ramen.', 34.87, 41.84, '[{"alt":"Keto Ramen Kit main","url":"/products/keto-ramen-kit-1.svg","type":"main"},{"alt":"Keto Ramen Kit hover","url":"/products/keto-ramen-kit-2.svg","type":"hover"}]'::jsonb, 'e310a7f9-59ed-4511-be06-ca1024f1266e', ARRAY['mild','classic'], 107, '{"fat":"1g","carbs":"8g","sodium":"179mg","protein":"3g","calories":67,"servings":26}'::jsonb, ARRAY['Premium Ingredients','Natural Flavors','Sea Salt'], ARRAY['Sesame'], ARRAY['Artisan Made','Premium Quality','Hand Selected'], '#e47e4a', '2025-11-07T08:39:02.684819+00:00', '2025-11-07T08:45:41.378057+00:00'),
('81f719d4-00d5-4ca7-bec4-72d50b046910', 'ramen-bowl-set', 'Ramen Bowl Set', 'Traditional recipe with modern quality standards.', 31.01, NULL, '[{"alt":"Ramen Bowl Set main","url":"/products/ramen-bowl-set-1.svg","type":"main"},{"alt":"Ramen Bowl Set hover","url":"/products/ramen-bowl-set-2.svg","type":"hover"}]'::jsonb, '250ff765-9472-4ce4-8c53-8582acb5d40f', ARRAY['premium','gourmet'], 343, '{"fat":"3g","carbs":"11g","sodium":"240mg","protein":"1g","calories":64,"servings":14}'::jsonb, ARRAY['Premium Ingredients','Natural Flavors','Sea Salt'], ARRAY['Sesame'], ARRAY['Whole Ingredients','Small Batch','Non-GMO'], '#F999BF', '2025-11-07T08:39:02.684819+00:00', '2025-11-07T08:45:41.386336+00:00'),
('923612b7-df5e-4fc5-a20b-d6765cb44295', 'chopsticks-bundle', 'Chopsticks Bundle', 'Premium quality topping that elevates your ramen experience.', 19.38, NULL, '[{"alt":"Chopsticks Bundle main","url":"/products/chopsticks-bundle-1.svg","type":"main"},{"alt":"Chopsticks Bundle hover","url":"/products/chopsticks-bundle-2.svg","type":"hover"}]'::jsonb, 'a3e2e9ba-2017-49fb-a602-8793595cceb3', ARRAY['bestseller','popular'], 119, '{"fat":"2g","carbs":"2g","sodium":"54mg","protein":"1g","calories":23,"servings":13}'::jsonb, ARRAY['Premium Ingredients','Natural Flavors','Sea Salt'], '{}', ARRAY['Organic','Gluten-Free','Vegan'], '#FFB6C1', '2025-11-07T08:39:02.684819+00:00', '2025-11-07T08:45:41.394141+00:00'),
('bfd96874-11c0-4e69-8177-623a0e8128c4', 'ultimate-ramen-mix', 'Ultimate Ramen Mix', 'The perfect combination of all our best toppings in one convenient package. Elevate your instant ramen with crispy onions, sesame seeds, nori strips, and more!', 24.99, 29.99, '[{"alt":"Ultimate Ramen Mix main","url":"/products/ultimate-ramen-mix-1.svg","type":"main"},{"alt":"Ultimate Ramen Mix hover","url":"/products/ultimate-ramen-mix-2.svg","type":"hover"}]'::jsonb, 'a3e2e9ba-2017-49fb-a602-8793595cceb3', ARRAY['bestseller','value-pack'], 150, '{"fat":"2g","carbs":"6g","sodium":"180mg","protein":"2g","calories":45,"servings":12}'::jsonb, ARRAY['Dried Green Onions','Sesame Seeds','Nori Seaweed','Fried Garlic','Chili Flakes'], ARRAY['Sesame','Seaweed'], ARRAY['Whole Ingredients','Small Batch','Low Fat','Non-GMO'], '#fe90b8', '2025-11-07T04:06:38.159873+00:00', '2025-11-07T08:45:40.903274+00:00'),
('e56740f6-2f6f-4b6d-b117-7ab6ebbd59cd', 'black-sesame-seeds', 'Black Sesame Seeds', 'Small batch production ensures maximum freshness.', 19.26, NULL, '[{"alt":"Black Sesame Seeds main","url":"/products/black-sesame-seeds-1.svg","type":"main"},{"alt":"Black Sesame Seeds hover","url":"/products/black-sesame-seeds-2.svg","type":"hover"}]'::jsonb, '6c96b9b6-c725-4888-86cd-0531da960a07', ARRAY['spicy','hot'], 90, '{"fat":"4g","carbs":"7g","sodium":"86mg","protein":"3g","calories":59,"servings":14}'::jsonb, ARRAY['Premium Ingredients','Natural Flavors','Sea Salt'], '{}', ARRAY['Low Sodium','No MSG','All Natural'], '#96da2f', '2025-11-07T08:39:02.684819+00:00', '2025-11-07T08:45:41.137078+00:00'),
('387dd687-8d56-4b78-8279-32fbc132cf98', 'mild-chili-oil', 'Mild Chili Oil', 'Perfect addition to any bowl of ramen.', 34.5, NULL, '[{"alt":"Mild Chili Oil main","url":"/products/mild-chili-oil-1.svg","type":"main"},{"alt":"Mild Chili Oil hover","url":"/products/mild-chili-oil-2.svg","type":"hover"}]'::jsonb, 'e310a7f9-59ed-4511-be06-ca1024f1266e', ARRAY['mild','classic'], 241, '{"fat":"1g","carbs":"6g","sodium":"121mg","protein":"1g","calories":75,"servings":19}'::jsonb, ARRAY['Premium Ingredients','Natural Flavors','Sea Salt'], ARRAY['Sesame'], ARRAY['Organic','Gluten-Free','Vegan'], '#FFB6C1', '2025-11-07T08:39:02.684819+00:00', '2025-11-07T08:45:41.223896+00:00'),
('45361bac-761e-4b76-81cd-c5e6246502f3', 'ramen-spice-blend', 'Ramen Spice Blend', 'Traditional recipe with modern quality standards.', 12.65, 15.18, '[{"alt":"Ramen Spice Blend main","url":"/products/ramen-spice-blend-1.svg","type":"main"},{"alt":"Ramen Spice Blend hover","url":"/products/ramen-spice-blend-2.svg","type":"hover"}]'::jsonb, '250ff765-9472-4ce4-8c53-8582acb5d40f', ARRAY['premium','gourmet'], 228, '{"fat":"1g","carbs":"4g","sodium":"73mg","protein":"3g","calories":44,"servings":24}'::jsonb, ARRAY['Premium Ingredients','Natural Flavors','Sea Salt'], '{}', ARRAY['Whole Ingredients','Small Batch','Non-GMO'], '#fe90b8', '2025-11-07T08:39:02.684819+00:00', '2025-11-07T08:45:41.279527+00:00'),
('fce6d326-b040-4e60-8d04-9048a933eb07', 'naruto-fish-cake', 'Naruto Fish Cake', 'Premium quality topping that elevates your ramen experience.', 10.89, 13.07, '[{"alt":"Naruto Fish Cake main","url":"/products/naruto-fish-cake-1.svg","type":"main"},{"alt":"Naruto Fish Cake hover","url":"/products/naruto-fish-cake-2.svg","type":"hover"}]'::jsonb, 'a3e2e9ba-2017-49fb-a602-8793595cceb3', ARRAY['bestseller','popular'], 110, '{"fat":"5g","carbs":"4g","sodium":"143mg","protein":"4g","calories":67,"servings":19}'::jsonb, ARRAY['Premium Ingredients','Natural Flavors','Sea Salt'], ARRAY['Sesame'], ARRAY['Artisan Made','Premium Quality','Hand Selected'], '#e47e4a', '2025-11-07T08:39:02.684819+00:00', '2025-11-07T08:45:41.33017+00:00'),
('2d4dfe76-1d24-487b-b881-dd5de071cf9b', 'ramen-hoodie', 'Ramen Hoodie', 'Carefully selected ingredients for authentic flavor.', 17.53, NULL, '[{"alt":"Ramen Hoodie main","url":"/products/ramen-hoodie-1.svg","type":"main"},{"alt":"Ramen Hoodie hover","url":"/products/ramen-hoodie-2.svg","type":"hover"}]'::jsonb, '05273835-89ee-491f-82c9-e4ae2b1d6b2c', ARRAY['new','trending'], 108, '{"fat":"3g","carbs":"10g","sodium":"71mg","protein":"2g","calories":63,"servings":27}'::jsonb, ARRAY['Premium Ingredients','Natural Flavors','Sea Salt'], '{}', ARRAY['Low Sodium','No MSG','All Natural'], '#87CEEB', '2025-11-07T08:39:02.684819+00:00', '2025-11-07T08:45:41.40279+00:00'),
('180201ae-f334-4fa3-a767-85d99ceff481', 'ramen-socks', 'Ramen Socks', 'Small batch production ensures maximum freshness.', 12.57, NULL, '[{"alt":"Ramen Socks main","url":"/products/ramen-socks-1.svg","type":"main"},{"alt":"Ramen Socks hover","url":"/products/ramen-socks-2.svg","type":"hover"}]'::jsonb, '6c96b9b6-c725-4888-86cd-0531da960a07', ARRAY['spicy','hot'], 136, '{"fat":"4g","carbs":"11g","sodium":"127mg","protein":"4g","calories":66,"servings":10}'::jsonb, ARRAY['Premium Ingredients','Natural Flavors','Sea Salt'], ARRAY['Sesame'], ARRAY['Artisan Made','Premium Quality','Hand Selected'], '#98D8C8', '2025-11-07T08:39:02.684819+00:00', '2025-11-07T08:45:41.410532+00:00');

-- Data for reviews
INSERT INTO reviews (id, product_id, user_id, user_name, rating, title, body, verified, media, helpful, created_at)
VALUES
('f259f8d9-b33d-4717-b5a7-b32025344aa9', 'bfd96874-11c0-4e69-8177-623a0e8128c4', NULL, 'Sarah M.', 5, 'Game changer for instant ramen!', 'I never knew instant ramen could taste this good! The mix of toppings adds so much flavor and texture. Highly recommend!', true, '{}', 24, '2025-11-07T04:06:38.159873+00:00'),
('7d1ea949-1cb8-485d-b6ca-7b9cc897848d', 'bfd96874-11c0-4e69-8177-623a0e8128c4', NULL, 'Mike T.', 5, 'Worth every penny', 'Been buying this for months now. The quality is consistent and it makes my lunch breaks so much better.', true, '{}', 18, '2025-11-07T04:06:38.159873+00:00'),
('f1b1e65b-3cf9-420f-98e7-5978d1038ebb', 'bfd96874-11c0-4e69-8177-623a0e8128c4', NULL, 'Jessica L.', 4, 'Great but wish it was bigger', 'Love the product but I go through it so fast! Would love to see a larger size option.', true, '{}', 12, '2025-11-07T04:06:38.159873+00:00'),
('9589bc2c-6f41-47ad-911a-d2a6b0947150', '3e6c3f15-789c-4299-bda1-88e45f6d6c18', NULL, 'David K.', 5, 'Best garlic chips ever', 'These are so addictive! I put them on everything, not just ramen. The crunch is perfect.', true, '{}', 31, '2025-11-07T04:06:38.159873+00:00'),
('6db123e6-f7dd-4821-9602-7fb259ca7de5', '3e6c3f15-789c-4299-bda1-88e45f6d6c18', NULL, 'Emily R.', 5, 'Can''t live without these', 'I''ve tried other brands but nothing compares to the quality and flavor of these garlic chips.', true, '{}', 15, '2025-11-07T04:06:38.159873+00:00'),
('753d31f9-2074-4a54-96cf-69775b237692', '0fbf743a-2c24-46bc-9b98-8cf8f6fff8e7', NULL, 'Alex P.', 5, 'Perfect heat level', 'As someone who loves spicy food, this hits the spot perfectly. Not too mild, not too extreme.', true, '{}', 22, '2025-11-07T04:06:38.159873+00:00'),
('e6371143-2fb5-4fda-b62f-98c5be119d35', '88bea880-535b-4d62-bc13-d03f5a08600f', NULL, 'Rachel W.', 5, 'Perfect gift!', 'Bought this as a gift for my brother who loves ramen. He was thrilled! Great value too.', true, '{}', 19, '2025-11-07T04:06:38.159873+00:00');

-- Re-enable triggers
SET session_replication_role = DEFAULT;

-- ============================================================================
-- Import complete!
-- ============================================================================
